<packerForm>
  <instanceFormArray>
    <instanceForm name="Eraser" type="product" width="1" height="2" length="5" count="15"/>
    <instanceForm name="Book" type="product" width="15" height="30" length="3" count="15"/>
    <instanceForm name="Drink" type="product" width="3" height="3" length="10" count="15"/>
    <instanceForm name="Umbrella" type="product" width="5" height="5" length="20" count="15"/>
    <instanceForm name="Notebook-PC" type="product" width="30" height="40" length="4" count="15"/>
    <instanceForm name="Tablet-PC" type="product" width="20" height="28" length="2" count="15"/>
  </instanceFormArray>
  <wrapperArray>
    <instance name="Medium" type="wrapper" price="700" width="20" height="20" length="10" thickness="0"/>
    <instance name="Small" type="wrapper" price="500" width="15" height="15" length="8" thickness="0"/>
    <instance name="Large" type="wrapper" price="1000" width="40" height="40" length="15" thickness="0"/>
  </wrapperArray>
  <gaParameters generation="500" population="100" tournament="50" mutationRate="0.2"/>
</packerForm>